codegen_pass@1_mean,qwen_pass@1_mean,codegen_pass@5_mean,qwen_pass@5_mean,codegen_avg_lines,qwen_avg_lines,codegen_avg_controls,qwen_avg_controls,codegen_avg_time,qwen_avg_time,codegen_avg_rouge1,qwen_avg_rouge1,codegen_avg_rougeL,qwen_avg_rougeL
0.023170731707317076,0.25121951219512195,0.08536585365853659,0.4878048780487805,18.49390243902439,4.603658536585366,5.079268292682927,2.573170731707317,6.628926829268291,2.076487804878049,0.2605945121951219,0.524484756097561,0.20039390243902436,0.43886036585365856
